City_ID,City,Country,Lat,Lng,Max Temp,Humidity,Cloudiness,Wind Speed,Current Description,Date
0,San Patricio,US,28.017,-97.5169,88.52,59,51,16.22,broken clouds,2022-07-26 01:18:27
1,Geraldton,AU,-28.7667,114.6,46.81,81,10,12.66,clear sky,2022-07-26 01:14:11
2,Santiago,CL,-33.4569,-70.6483,55.29,74,75,5.75,broken clouds,2022-07-26 01:16:41
3,Sume,BR,-7.6717,-36.88,64.62,87,21,6.69,few clouds,2022-07-26 01:18:28
4,Severo-Kurilsk,RU,50.6789,156.125,54.46,80,39,10.63,scattered clouds,2022-07-26 01:14:48
5,Gao,ML,16.6362,1.637,88.54,47,100,20.45,overcast clouds,2022-07-26 01:18:28
6,Khatanga,RU,71.9667,102.5,73.74,39,0,6.33,clear sky,2022-07-26 01:18:29
7,Busselton,AU,-33.65,115.3333,61.72,77,100,19.44,moderate rain,2022-07-26 01:15:49
8,Atuona,PF,-9.8,-139.0333,77.77,66,0,10.36,clear sky,2022-07-26 01:18:29
9,Port Alfred,ZA,-33.5906,26.891,51.19,83,0,1.01,clear sky,2022-07-26 01:18:29
10,Ushuaia,AR,-54.8,-68.3,35.26,75,40,23.02,scattered clouds,2022-07-26 01:17:06
11,Cape Town,ZA,-33.9258,18.4232,58.37,70,0,4.61,clear sky,2022-07-26 01:18:30
12,Dikson,RU,73.5069,80.5464,44.15,92,100,23.58,overcast clouds,2022-07-26 01:18:30
13,Banepa,NP,27.6298,85.5214,68.32,94,75,2.3,broken clouds,2022-07-26 01:18:31
14,Phichit,TH,16.25,100.4167,84.43,72,100,3.6,overcast clouds,2022-07-26 01:18:31
15,Sao Miguel Do Araguaia,BR,-13.275,-50.1628,76.21,38,15,3.11,few clouds,2022-07-26 01:18:32
16,Jagatsinghapur,IN,20.2667,86.1667,79.16,83,100,5.44,overcast clouds,2022-07-26 01:18:32
17,Kapuskasing,CA,49.4169,-82.4331,64.49,82,75,4.61,broken clouds,2022-07-26 01:17:59
18,Rikitea,PF,-23.1203,-134.9692,75.61,74,73,12.68,broken clouds,2022-07-26 01:17:46
19,Albany,US,42.6001,-73.9662,74.35,64,0,9.78,clear sky,2022-07-26 01:14:41
20,Horizontina,BR,-27.6258,-54.3078,63.91,83,0,4.12,clear sky,2022-07-26 01:18:33
21,Kazanskaya,RU,45.4106,40.4361,64.98,85,100,7.36,overcast clouds,2022-07-26 01:18:33
22,Nalut,LY,30.3333,10.85,78.6,24,0,9.62,clear sky,2022-07-26 01:18:34
23,Castro,BR,-24.7911,-50.0119,58.78,74,75,2.68,broken clouds,2022-07-26 01:14:03
24,Vaini,TO,-21.2,-175.2,78.96,83,20,9.22,few clouds,2022-07-26 01:18:34
25,Qui Nhon,VN,13.7667,109.2333,82.63,73,100,3.51,overcast clouds,2022-07-26 01:18:35
26,Bethel,US,41.3712,-73.414,80.69,86,0,3.44,clear sky,2022-07-26 01:18:35
27,Torbay,CA,47.6666,-52.7314,68.77,92,100,20.71,overcast clouds,2022-07-26 01:14:42
28,Basoko,CD,1.2391,23.616,71.56,95,96,2.93,overcast clouds,2022-07-26 01:18:35
29,Mataura,NZ,-46.1927,168.8643,46.47,96,100,11.07,light rain,2022-07-26 01:18:36
30,Bathsheba,BB,13.2167,-59.5167,81.21,95,40,14.97,scattered clouds,2022-07-26 01:18:36
31,Kavieng,PG,-2.5744,150.7967,83.82,74,41,16.08,light rain,2022-07-26 01:18:37
32,Dingle,PH,10.9995,122.6711,83.14,80,61,4.99,broken clouds,2022-07-26 01:18:37
33,Narsaq,GL,60.9167,-46.05,52.02,91,100,1.72,light rain,2022-07-26 01:14:16
34,San Cristobal,VE,7.7669,-72.225,73.58,97,37,2.06,scattered clouds,2022-07-26 01:18:37
35,Sabang,ID,5.8933,95.3214,80.58,79,100,12.48,overcast clouds,2022-07-26 01:18:38
36,Togitsu,JP,32.8333,129.85,84.18,70,20,4.61,few clouds,2022-07-26 01:18:38
37,Owando,CG,-0.4819,15.8999,70.47,94,97,2.44,overcast clouds,2022-07-26 01:18:38
38,Punta Arenas,CL,-53.15,-70.9167,30.31,74,20,10.36,few clouds,2022-07-26 01:18:39
39,Bluff,NZ,-46.6,168.3333,46.8,89,100,26.96,overcast clouds,2022-07-26 01:18:39
40,Georgetown,MY,5.4112,100.3354,82.33,86,20,4.61,few clouds,2022-07-26 01:18:40
41,Saskylakh,RU,71.9167,114.0833,71.85,67,92,6.91,overcast clouds,2022-07-26 01:14:11
42,Morondava,MG,-20.2833,44.2833,70.05,71,100,10.49,overcast clouds,2022-07-26 01:18:40
43,Port Hedland,AU,-20.3167,118.5667,71.65,30,6,14.97,clear sky,2022-07-26 01:17:38
44,Tiksi,RU,71.6872,128.8694,50.63,80,72,4.59,broken clouds,2022-07-26 01:18:41
45,Taikang,CN,46.8333,124.4167,79.02,71,67,9.19,broken clouds,2022-07-26 01:18:41
46,Sola,VU,-13.8833,167.55,79.72,78,5,10.49,clear sky,2022-07-26 01:18:42
47,Saint-Philippe,RE,-21.3585,55.7679,65.79,83,58,10.76,light rain,2022-07-26 01:18:42
48,Sao Filipe,CV,14.8961,-24.4956,78.17,88,94,6.51,overcast clouds,2022-07-26 01:18:43
49,Ponta Do Sol,PT,32.6667,-17.1,84.83,43,98,5.91,overcast clouds,2022-07-26 01:13:48
50,Tuktoyaktuk,CA,69.4541,-133.0374,62.6,67,75,19.57,broken clouds,2022-07-26 01:18:43
51,Nicoya,CR,10.1483,-85.452,75.33,85,54,1.23,broken clouds,2022-07-26 01:18:44
52,Saint George,US,37.1041,-113.5841,70.39,88,75,9.22,light rain,2022-07-26 01:18:44
53,Ngerengere,TZ,-6.75,38.1167,66.51,87,66,4.0,broken clouds,2022-07-26 01:18:44
54,Yellowknife,CA,62.456,-114.3525,70.32,37,20,19.57,few clouds,2022-07-26 01:18:45
55,Bredasdorp,ZA,-34.5322,20.0403,46.78,65,0,4.72,clear sky,2022-07-26 01:18:45
56,Rio Branco Do Sul,BR,-25.19,-49.3142,61.12,85,68,2.37,broken clouds,2022-07-26 01:18:46
57,Sitka,US,57.0531,-135.33,57.09,94,100,0.0,mist,2022-07-26 01:16:23
58,East London,ZA,-33.0153,27.9116,55.26,71,0,12.24,clear sky,2022-07-26 01:18:46
59,Burnie,AU,-41.0667,145.9167,52.95,86,83,3.11,broken clouds,2022-07-26 01:18:46
60,Ossora,RU,59.2353,163.0719,62.67,65,96,7.83,overcast clouds,2022-07-26 01:18:47
61,Pankrushikha,RU,53.8319,80.3406,63.84,50,15,6.51,few clouds,2022-07-26 01:18:47
62,Plainview,US,40.7765,-73.4673,82.26,79,0,10.36,clear sky,2022-07-26 01:14:14
63,Saldanha,ZA,-33.0117,17.9442,55.42,50,0,8.68,clear sky,2022-07-26 01:18:48
64,Hermanus,ZA,-34.4187,19.2345,47.8,53,0,8.39,clear sky,2022-07-26 01:18:48
65,Avera,US,33.194,-82.5271,83.71,61,99,6.08,overcast clouds,2022-07-26 01:18:48
66,Buraydah,SA,26.326,43.975,90.05,19,33,4.99,scattered clouds,2022-07-26 01:18:49
67,Avarua,CK,-21.2078,-159.775,71.65,64,75,6.91,broken clouds,2022-07-26 01:15:49
68,Barrow,US,71.2906,-156.7887,37.42,87,100,29.93,mist,2022-07-26 01:18:49
69,Tual,ID,-5.6667,132.75,79.54,83,8,21.61,clear sky,2022-07-26 01:14:41
70,Coquimbo,CL,-29.9533,-71.3436,51.53,87,20,2.3,few clouds,2022-07-26 01:18:50
71,Cap Malheureux,MU,-19.9842,57.6142,67.46,79,2,3.0,clear sky,2022-07-26 01:18:50
72,Broome,US,42.2506,-75.833,69.55,78,0,8.05,clear sky,2022-07-26 01:18:50
73,Pilar,BR,-9.5972,-35.9567,71.53,88,27,2.89,scattered clouds,2022-07-26 01:18:51
74,Dicabisagan,PH,17.0818,122.4157,85.35,71,99,2.15,overcast clouds,2022-07-26 01:14:31
75,Canar,EC,-2.55,-78.9333,50.04,96,98,2.82,light rain,2022-07-26 01:18:51
76,Yarada,IN,17.65,83.2667,80.92,94,40,2.3,mist,2022-07-26 01:18:52
77,Cidreira,BR,-30.1811,-50.2056,60.89,95,4,5.84,clear sky,2022-07-26 01:18:52
78,Andros Town,BS,24.7,-77.7667,82.36,73,16,16.84,few clouds,2022-07-26 01:18:53
79,Murwillumbah,AU,-28.3167,153.4,72.12,60,0,12.66,clear sky,2022-07-26 01:18:53
80,Vestmannaeyjar,IS,63.4427,-20.2734,52.57,78,100,10.54,overcast clouds,2022-07-26 01:18:54
81,Oistins,BB,13.0667,-59.5333,80.69,83,40,14.97,scattered clouds,2022-07-26 01:18:54
82,Flinders,AU,-34.5833,150.8552,63.05,69,50,12.71,scattered clouds,2022-07-26 01:16:56
83,New Norfolk,AU,-42.7826,147.0587,56.91,82,97,1.99,overcast clouds,2022-07-26 01:13:57
84,Muros,ES,42.7762,-9.0603,64.83,80,4,8.08,clear sky,2022-07-26 01:18:55
85,Iquique,CL,-20.2208,-70.1431,57.24,79,58,2.1,broken clouds,2022-07-26 01:13:58
86,Kruisfontein,ZA,-34.0033,24.7314,47.01,72,0,6.67,clear sky,2022-07-26 01:18:55
87,Puerto Ayora,EC,-0.7393,-90.3518,69.55,94,99,1.01,overcast clouds,2022-07-26 01:18:56
88,Nouadhibou,MR,20.931,-17.0347,82.38,69,10,5.75,clear sky,2022-07-26 01:18:56
89,Chokurdakh,RU,70.6333,147.9167,61.56,36,42,14.92,scattered clouds,2022-07-26 01:18:56
90,Jamestown,US,42.097,-79.2353,67.59,73,0,3.44,clear sky,2022-07-26 01:17:31
91,Lugus,PH,5.7036,120.8203,83.89,72,100,7.52,overcast clouds,2022-07-26 01:18:57
92,Hami,CN,42.8,93.45,85.28,18,0,7.0,clear sky,2022-07-26 01:18:57
93,Fukue,JP,32.6881,128.8419,80.96,78,20,6.91,few clouds,2022-07-26 01:18:58
94,Gurupa,BR,-1.405,-51.64,73.31,94,51,3.18,moderate rain,2022-07-26 01:18:58
95,Mezen,RU,65.8522,44.24,47.37,84,10,4.76,clear sky,2022-07-26 01:18:59
96,Abalak,RU,58.1286,68.5944,64.2,95,19,2.84,few clouds,2022-07-26 01:18:59
97,Canutama,BR,-6.5339,-64.3831,78.26,48,4,1.79,clear sky,2022-07-26 01:18:59
98,Yaan,NG,7.3833,8.5667,72.07,95,100,6.93,overcast clouds,2022-07-26 01:19:00
99,Campoverde,PE,-8.4753,-74.8058,78.49,95,100,2.26,overcast clouds,2022-07-26 01:19:00
100,Aklavik,CA,68.2191,-135.0107,75.15,37,100,13.18,overcast clouds,2022-07-26 01:19:00
101,Los Llanos De Aridane,ES,28.6585,-17.9182,71.35,78,0,13.8,clear sky,2022-07-26 01:19:01
102,Sinnamary,GF,5.3833,-52.95,78.75,86,96,7.7,overcast clouds,2022-07-26 01:19:01
103,Lompoc,US,34.6391,-120.4579,79.02,76,0,11.5,clear sky,2022-07-26 01:16:50
104,Katsuura,JP,35.1333,140.3,80.49,87,100,18.52,overcast clouds,2022-07-26 01:19:02
105,Djenne,ML,13.9061,-4.5533,84.22,59,100,9.57,overcast clouds,2022-07-26 01:19:02
106,San Miguelito,PA,9.0333,-79.5,78.55,90,40,3.44,scattered clouds,2022-07-26 01:19:03
107,Karwar,IN,14.8,74.1333,76.69,84,100,6.06,overcast clouds,2022-07-26 01:19:03
108,Nata,PA,8.3333,-80.5167,75.65,91,100,1.19,overcast clouds,2022-07-26 01:19:03
109,Hithadhoo,MV,-0.6,73.0833,82.65,75,41,12.39,scattered clouds,2022-07-26 01:15:21
110,Sokolo,ML,14.7328,-6.1219,84.0,60,22,5.7,few clouds,2022-07-26 01:19:04
111,Beringovskiy,RU,63.05,179.3167,44.91,83,100,4.79,overcast clouds,2022-07-26 01:19:04
112,Port Elizabeth,ZA,-33.918,25.5701,52.09,87,0,8.05,clear sky,2022-07-26 01:14:05
113,Jerez,GT,14.1,-89.75,67.59,94,100,1.86,overcast clouds,2022-07-26 01:19:05
114,Mahebourg,MU,-20.4081,57.7,67.24,88,40,3.44,scattered clouds,2022-07-26 01:15:53
115,Honiara,SB,-9.4333,159.95,87.26,62,17,8.72,few clouds,2022-07-26 01:14:54
116,Severodvinsk,RU,64.5635,39.8302,46.51,91,99,5.93,overcast clouds,2022-07-26 01:19:05
117,Tuatapere,NZ,-46.1333,167.6833,45.0,94,100,13.42,overcast clouds,2022-07-26 01:15:46
118,Seoul,KR,37.5683,126.9778,87.37,66,0,2.3,clear sky,2022-07-26 01:14:28
119,Petropavlovsk-Kamchatskiy,RU,53.0452,158.6483,61.39,63,75,6.71,broken clouds,2022-07-26 01:19:06
120,Sovetskiy,RU,61.3614,63.5842,54.86,56,93,5.75,overcast clouds,2022-07-26 01:19:06
121,Mount Gambier,AU,-37.8333,140.7667,53.51,58,40,21.85,scattered clouds,2022-07-26 01:16:13
122,La Rioja,ES,42.25,-2.5,58.78,97,16,3.74,few clouds,2022-07-26 01:19:07
123,Pemangkat,ID,1.1667,108.9667,78.51,86,87,6.67,overcast clouds,2022-07-26 01:19:07
124,Kapaa,US,22.0752,-159.319,84.18,69,40,14.97,scattered clouds,2022-07-26 01:17:41
125,Rayevskaya,RU,44.8319,37.5556,68.92,86,15,4.97,light rain,2022-07-26 01:19:08
126,Longyearbyen,SJ,78.2186,15.6401,48.04,81,75,12.66,broken clouds,2022-07-26 01:19:08
127,Cayenne,GF,4.9333,-52.3333,83.08,7,0,3.44,clear sky,2022-07-26 01:19:09
128,Perelyub,RU,51.8667,50.3667,61.54,91,74,7.14,light rain,2022-07-26 01:19:09
129,Tiarei,PF,-17.5333,-149.3333,80.62,85,72,10.22,moderate rain,2022-07-26 01:19:10
130,Faanui,PF,-16.4833,-151.75,77.77,75,76,10.4,moderate rain,2022-07-26 01:19:10
131,Touros,BR,-5.1989,-35.4608,73.35,80,66,14.2,broken clouds,2022-07-26 01:19:11
132,Ewa Beach,US,21.3156,-158.0072,87.75,49,75,18.41,broken clouds,2022-07-26 01:17:14
133,Hobart,AU,-42.8794,147.3294,58.26,85,40,5.75,scattered clouds,2022-07-26 01:19:11
134,Yar-Sale,RU,66.8333,70.8333,49.98,76,11,18.52,few clouds,2022-07-26 01:18:12
135,Kpandae,GH,8.4689,-0.0113,73.47,82,100,2.33,overcast clouds,2022-07-26 01:19:12
136,Carnarvon,AU,-24.8667,113.6333,63.1,39,0,8.08,clear sky,2022-07-26 01:19:12
137,Inverness,GB,57.4791,-4.224,53.51,82,40,10.36,scattered clouds,2022-07-26 01:19:12
138,Yichang,CN,30.7144,111.2847,89.29,65,3,0.25,clear sky,2022-07-26 01:19:13
139,Micheweni,TZ,-4.9667,39.8333,73.29,82,99,11.59,overcast clouds,2022-07-26 01:19:13
140,Gat,IL,31.61,34.7642,78.4,69,0,1.61,clear sky,2022-07-26 01:19:13
141,Nikolskoye,RU,59.7035,30.7861,60.87,92,73,2.08,broken clouds,2022-07-26 01:19:14
142,Butaritari,KI,3.0707,172.7902,82.62,69,98,15.66,overcast clouds,2022-07-26 01:19:14
143,Nantucket,US,41.2835,-70.0995,80.71,93,100,18.41,mist,2022-07-26 01:16:58
144,Constitucion,CL,-35.3333,-72.4167,53.13,92,100,20.74,moderate rain,2022-07-26 01:16:47
145,Namie,JP,37.4833,141.0,88.56,88,99,4.38,overcast clouds,2022-07-26 01:19:15
146,Awbari,LY,26.5921,12.7805,78.96,25,0,7.52,clear sky,2022-07-26 01:19:15
147,Arraial Do Cabo,BR,-22.9661,-42.0278,70.65,88,6,19.48,clear sky,2022-07-26 01:19:16
148,Matai,TZ,-8.3,31.5167,56.77,72,71,8.01,broken clouds,2022-07-26 01:19:16
149,Kahuta,PK,33.5913,73.3868,74.84,81,79,3.8,broken clouds,2022-07-26 01:19:17
150,Keuruu,FI,62.2667,24.7,64.58,92,100,9.91,overcast clouds,2022-07-26 01:19:17
151,Plettenberg Bay,ZA,-34.0527,23.3716,54.63,58,0,6.31,clear sky,2022-07-26 01:19:17
152,Codrington,AU,-38.2667,141.9667,53.11,61,80,22.97,broken clouds,2022-07-26 01:19:18
153,Kodiak,US,57.79,-152.4072,62.11,59,75,13.8,broken clouds,2022-07-26 01:19:18
154,Ozinki,RU,51.1786,49.6769,62.37,85,56,5.41,broken clouds,2022-07-26 01:19:18
155,Guerrero Negro,MX,27.9769,-114.0611,73.15,70,4,16.51,clear sky,2022-07-26 01:16:07
156,Ribeira Grande,PT,38.5167,-28.7,74.52,89,10,5.06,clear sky,2022-07-26 01:19:19
157,Kukuna,SL,9.4,-12.6667,72.54,97,100,2.86,overcast clouds,2022-07-26 01:19:19
158,Hilo,US,19.7297,-155.09,88.29,92,75,8.05,heavy intensity rain,2022-07-26 01:16:46
159,Quatre Cocos,MU,-20.2078,57.7625,67.08,77,16,9.42,few clouds,2022-07-26 01:15:28
160,Naze,JP,28.3667,129.4833,85.12,73,19,4.88,few clouds,2022-07-26 01:15:52
161,Sao Felix Do Xingu,BR,-6.6447,-51.995,79.59,45,96,0.87,overcast clouds,2022-07-26 01:17:22
162,Cherskiy,RU,68.75,161.3,56.3,40,100,12.59,overcast clouds,2022-07-26 01:19:20
163,Talnakh,RU,69.4865,88.3972,60.21,64,33,6.46,scattered clouds,2022-07-26 01:19:21
164,Liku,ID,-0.7275,119.8922,83.16,65,98,2.42,overcast clouds,2022-07-26 01:19:21
165,Mastic Beach,US,40.7668,-72.8521,79.05,88,0,18.01,clear sky,2022-07-26 01:19:21
166,Libenge,CD,3.65,18.6333,70.88,96,100,5.01,light rain,2022-07-26 01:14:56
167,Hornepayne,CA,49.2138,-84.7705,60.37,69,89,2.08,overcast clouds,2022-07-26 01:19:22
168,Taseyevo,RU,57.2169,94.8978,57.81,77,100,8.21,overcast clouds,2022-07-26 01:19:22
169,Hasanabad,IR,36.5465,61.0543,82.42,39,0,33.78,clear sky,2022-07-26 01:19:23
170,Sisimiut,GL,66.9395,-53.6735,42.35,92,100,9.55,overcast clouds,2022-07-26 01:19:23
171,Paamiut,GL,61.994,-49.6678,43.88,92,100,4.12,overcast clouds,2022-07-26 01:19:23
172,Iqaluit,CA,63.7506,-68.5145,44.33,93,20,6.91,few clouds,2022-07-26 01:19:24
173,Husavik,IS,66.0449,-17.3389,48.97,83,100,1.23,overcast clouds,2022-07-26 01:19:24
174,Shushtar,IR,32.0455,48.8567,89.53,11,1,3.49,clear sky,2022-07-26 01:19:25
175,Rudnogorsk,RU,57.2639,103.7519,57.87,98,100,9.4,light rain,2022-07-26 01:19:25
176,Talcahuano,CL,-36.7167,-73.1167,55.08,94,75,27.63,broken clouds,2022-07-26 01:18:17
177,Evanston,US,42.0411,-87.6901,73.4,71,75,9.22,broken clouds,2022-07-26 01:17:09
178,Tasiilaq,GL,65.6145,-37.6368,39.38,89,100,2.21,overcast clouds,2022-07-26 01:19:26
179,Rosarito,MX,32.3333,-117.0333,79.23,74,42,8.43,scattered clouds,2022-07-26 01:19:26
180,Klerksdorp,ZA,-26.8521,26.6667,47.28,61,0,4.63,clear sky,2022-07-26 01:19:26
181,San Carlos De Bariloche,AR,-41.1456,-71.3082,37.15,93,75,8.05,light rain,2022-07-26 01:19:27
182,Ayagoz,KZ,47.9714,80.4392,65.93,33,0,12.41,clear sky,2022-07-26 01:19:27
183,Steamboat Springs,US,40.485,-106.8317,80.19,34,0,1.99,clear sky,2022-07-26 01:18:37
184,Raudeberg,NO,61.9875,5.1352,55.96,82,100,18.32,overcast clouds,2022-07-26 01:19:28
185,Lerwick,GB,60.1545,-1.1494,50.0,77,100,22.28,overcast clouds,2022-07-26 01:19:28
186,Mansfield,GB,53.1333,-1.2,57.99,93,100,6.49,overcast clouds,2022-07-26 01:15:57
187,Labrea,BR,-7.2586,-64.7981,76.86,51,4,0.76,clear sky,2022-07-26 01:19:29
188,Vokhma,RU,58.9303,46.7586,58.71,99,40,5.59,scattered clouds,2022-07-26 01:19:29
189,Anadyr,RU,64.75,177.4833,50.5,71,40,4.47,scattered clouds,2022-07-26 01:19:29
190,Kishni,IN,27.0247,79.2634,82.0,77,65,6.53,broken clouds,2022-07-26 01:19:30
191,Sao Joao Da Barra,BR,-21.6403,-41.0511,70.99,82,0,12.15,clear sky,2022-07-26 01:15:08
192,Timra,SE,62.487,17.3257,61.68,100,20,8.05,few clouds,2022-07-26 01:19:30
193,Balabac,PH,7.9868,117.0645,82.18,81,100,7.85,overcast clouds,2022-07-26 01:19:31
194,Mantua,IT,45.1667,10.7833,76.08,79,68,8.01,broken clouds,2022-07-26 01:19:31
195,Yulara,AU,-25.2406,130.9889,57.04,44,0,17.27,clear sky,2022-07-26 01:19:31
196,Lebu,CL,-37.6167,-73.65,53.55,85,9,25.34,clear sky,2022-07-26 01:18:20
197,Upernavik,GL,72.7868,-56.1549,39.16,89,73,9.86,broken clouds,2022-07-26 01:14:53
198,Bilma,NE,18.6853,12.9164,88.16,18,10,13.2,clear sky,2022-07-26 01:19:32
199,Esperance,AU,-33.8667,121.9,54.55,54,1,20.83,clear sky,2022-07-26 01:19:32
200,Lagoa,PT,39.05,-27.9833,73.33,90,0,9.69,clear sky,2022-07-26 01:19:33
201,Provideniya,RU,64.3833,-173.3,50.11,62,100,20.13,overcast clouds,2022-07-26 01:19:33
202,Kununurra,AU,-15.7667,128.7333,80.58,17,46,17.27,scattered clouds,2022-07-26 01:19:33
203,Ishige,JP,36.1167,139.9667,78.94,62,95,11.07,light rain,2022-07-26 01:19:34
204,Pevek,RU,69.7008,170.3133,38.41,74,91,14.81,overcast clouds,2022-07-26 01:15:34
205,Belluno,IT,46.145,12.2214,71.31,88,100,5.99,light rain,2022-07-26 01:19:34
206,Auki,SB,-8.7676,160.7034,86.61,61,18,2.91,few clouds,2022-07-26 01:19:35
207,Vostok,RU,46.4856,135.8833,66.34,87,100,2.15,overcast clouds,2022-07-26 01:19:35
208,Jugsalai,IN,22.7667,86.1833,80.58,94,75,0.0,haze,2022-07-26 01:19:35
209,Don Benito,ES,38.9563,-5.8616,73.09,40,0,6.76,clear sky,2022-07-26 01:19:36
210,Cabo San Lucas,MX,22.8909,-109.9124,93.61,70,0,19.57,clear sky,2022-07-26 01:19:36
211,Vardo,NO,70.3705,31.1107,53.58,94,100,5.75,overcast clouds,2022-07-26 01:19:36
212,Guasdualito,VE,7.2424,-70.7324,75.16,100,40,4.61,scattered clouds,2022-07-26 01:19:37
213,Tilichiki,RU,60.4667,166.1,59.43,59,98,5.35,overcast clouds,2022-07-26 01:19:37
214,Luderitz,NA,-26.6481,15.1594,55.17,84,35,11.81,scattered clouds,2022-07-26 01:19:37
215,Grenaa,DK,56.4158,10.8783,61.02,95,13,16.24,few clouds,2022-07-26 01:19:38
216,Fortuna,US,40.5982,-124.1573,71.92,69,37,1.99,scattered clouds,2022-07-26 01:19:38
217,Qaanaaq,GL,77.484,-69.3632,42.55,66,0,0.6,clear sky,2022-07-26 01:19:39
218,Kropotkin,RU,45.4375,40.5756,65.79,83,100,7.38,overcast clouds,2022-07-26 01:19:39
219,Boa Vista,BR,2.8197,-60.6733,76.98,83,40,3.44,scattered clouds,2022-07-26 01:19:39
220,Pangnirtung,CA,66.1451,-65.7125,49.06,72,31,4.25,scattered clouds,2022-07-26 01:19:40
221,Mount Isa,AU,-20.7333,139.5,67.77,37,0,21.85,clear sky,2022-07-26 01:19:40
222,Lorengau,PG,-2.0226,147.2712,82.47,78,91,7.63,heavy intensity rain,2022-07-26 01:19:40
223,Caravelas,BR,-17.7125,-39.2481,69.15,88,10,5.37,clear sky,2022-07-26 01:19:41
224,Bambous Virieux,MU,-20.3428,57.7575,67.21,88,40,3.44,scattered clouds,2022-07-26 01:19:41
225,Omboue,GA,-1.5746,9.2618,71.83,85,70,6.22,broken clouds,2022-07-26 01:19:42
226,Khani,GE,41.9563,42.9566,54.97,84,2,4.05,clear sky,2022-07-26 01:19:42
227,Nelson Bay,AU,-32.7167,152.15,62.01,98,6,3.0,clear sky,2022-07-26 01:19:43
228,San Ramon,US,37.7799,-121.978,85.6,56,0,14.97,clear sky,2022-07-26 01:16:52
229,Asau,RO,46.4333,26.4,64.96,93,0,3.44,clear sky,2022-07-26 01:19:43
230,Norrtalje,SE,59.758,18.705,67.84,90,100,8.14,light rain,2022-07-26 01:19:43
231,Pangody,RU,65.85,74.4859,54.43,63,46,12.24,scattered clouds,2022-07-26 01:19:44
232,Najran,SA,17.4924,44.1277,77.65,51,100,11.92,overcast clouds,2022-07-26 01:19:44
233,Trabzon,TR,40.9167,39.8333,64.49,68,0,4.61,clear sky,2022-07-26 01:19:45
234,Esmeraldas,BR,-19.7625,-44.3139,65.44,63,0,4.7,clear sky,2022-07-26 01:19:45
235,Samana,DO,19.2056,-69.3369,79.27,88,95,12.17,overcast clouds,2022-07-26 01:19:45
236,Diffa,NE,13.3154,12.6113,86.56,53,100,17.34,overcast clouds,2022-07-26 01:19:46
237,Tshane,BW,-24.0196,21.8684,61.77,34,100,12.24,overcast clouds,2022-07-26 01:19:46
238,Severobaykalsk,RU,55.65,109.3167,54.43,93,68,4.54,light rain,2022-07-26 01:19:47
239,Ouesso,CG,1.6136,16.0517,71.24,97,100,2.15,overcast clouds,2022-07-26 01:19:47
240,Saint-Augustin,CA,51.226,-58.6502,59.25,99,100,1.36,overcast clouds,2022-07-26 01:19:48
241,Ahuimanu,US,21.4447,-157.8378,87.51,66,0,18.41,clear sky,2022-07-26 01:19:49
242,Kudahuvadhoo,MV,2.6708,72.8944,79.14,82,100,15.93,overcast clouds,2022-07-26 01:19:49
243,Seymchan,RU,62.8833,152.4333,74.98,30,100,13.33,overcast clouds,2022-07-26 01:19:49
244,Kautokeino,NO,69.0125,23.0412,51.89,96,100,4.12,overcast clouds,2022-07-26 01:19:50
245,Lodwar,KE,3.1191,35.5973,77.68,49,98,18.21,overcast clouds,2022-07-26 01:19:50
246,Deputatskiy,RU,69.3,139.9,62.28,57,99,4.32,light rain,2022-07-26 01:19:06
247,Kholm,RU,59.2667,32.85,57.47,97,19,0.43,few clouds,2022-07-26 01:19:51
248,Ketchikan,US,55.3422,-131.6461,68.47,68,20,11.5,few clouds,2022-07-26 01:16:39
249,Yertsevo,RU,60.7966,40.086,53.92,96,29,3.56,scattered clouds,2022-07-26 01:19:51
250,Benghazi,LY,32.1167,20.0667,79.61,77,0,10.89,clear sky,2022-07-26 01:18:07
251,Teguldet,RU,57.3064,88.1667,54.81,91,17,3.36,few clouds,2022-07-26 01:19:52
252,Mahina,PF,-17.5065,-149.489,80.37,69,40,3.44,moderate rain,2022-07-26 01:19:52
253,Kargasok,RU,59.0556,80.8572,58.96,82,100,6.98,overcast clouds,2022-07-26 01:15:36
254,Haines Junction,CA,60.7522,-137.5108,67.95,52,92,14.97,overcast clouds,2022-07-26 01:19:52
255,Batemans Bay,AU,-35.7167,150.1833,58.1,45,5,9.89,clear sky,2022-07-26 01:19:53
256,Diapaga,BF,12.0708,1.7889,74.53,88,100,7.7,light rain,2022-07-26 01:19:53
257,Clyde River,CA,70.4692,-68.5914,37.63,100,75,5.75,broken clouds,2022-07-26 01:17:23
258,Prince Rupert,CA,54.3161,-130.3201,68.09,84,0,20.71,clear sky,2022-07-26 01:19:54
259,Komsomolskiy,UZ,40.4272,71.7189,79.52,34,0,9.22,clear sky,2022-07-26 01:19:54
260,Nizhniy Ingash,RU,56.2,96.53,58.33,71,100,10.13,overcast clouds,2022-07-26 01:19:54
261,Souillac,MU,-20.5167,57.5167,66.58,88,40,3.44,scattered clouds,2022-07-26 01:19:55
262,Dryden,CA,49.7833,-92.7503,68.29,60,75,8.05,broken clouds,2022-07-26 01:15:57
263,Guadalupe,MX,25.6833,-100.25,91.96,44,75,16.11,broken clouds,2022-07-26 01:19:55
264,Maraba,BR,-5.3686,-49.1178,75.38,83,0,0.0,clear sky,2022-07-26 01:19:56
265,Klaksvik,FO,62.2266,-6.589,47.32,84,44,10.2,scattered clouds,2022-07-26 01:19:56
266,Luklukan,PH,14.3254,122.7124,85.05,72,100,1.1,overcast clouds,2022-07-26 01:19:56
267,Cumra,TR,37.5732,32.7745,62.74,42,0,5.55,clear sky,2022-07-26 01:19:57
268,Grindavik,IS,63.8424,-22.4338,48.67,100,100,6.91,overcast clouds,2022-07-26 01:19:21
269,Manokwari,ID,-0.8667,134.0833,82.62,72,74,8.7,moderate rain,2022-07-26 01:19:57
270,College,US,64.8569,-147.8028,78.08,49,20,3.44,few clouds,2022-07-26 01:19:58
271,High Rock,BS,26.6208,-78.2833,84.22,71,100,14.45,overcast clouds,2022-07-26 01:19:58
272,Araioses,BR,-2.89,-41.9031,78.94,76,99,7.81,overcast clouds,2022-07-26 01:19:59
273,Teya,RU,60.3778,92.6267,57.11,97,100,2.46,overcast clouds,2022-07-26 01:19:59
274,Karpogory,RU,64.0019,44.4451,49.21,80,100,2.62,overcast clouds,2022-07-26 01:19:59
275,Cadillac,US,44.2519,-85.4012,64.31,63,0,0.0,clear sky,2022-07-26 01:15:49
276,Torrington,US,41.8007,-73.1212,76.12,95,63,5.95,broken clouds,2022-07-26 01:20:00
277,Merauke,ID,-8.4667,140.3333,79.39,75,99,14.54,overcast clouds,2022-07-26 01:20:00
278,Port Blair,IN,11.6667,92.75,82.44,83,75,3.44,broken clouds,2022-07-26 01:20:01
279,Kaitangata,NZ,-46.2817,169.8464,45.19,92,100,17.38,moderate rain,2022-07-26 01:20:01
280,Mamlyutka,KZ,54.9375,68.5394,67.75,73,100,6.08,overcast clouds,2022-07-26 01:20:01
281,Marzuq,YE,14.4,46.4667,79.48,59,100,4.99,overcast clouds,2022-07-26 01:20:02
282,Victoria,HK,22.2855,114.1577,90.25,76,22,8.01,few clouds,2022-07-26 01:18:44
283,Chuy,UY,-33.6971,-53.4616,57.25,97,100,7.14,light rain,2022-07-26 01:20:02
284,Sobolevo,RU,54.4299,31.8996,56.03,96,3,5.46,clear sky,2022-07-26 01:20:03
285,Mingaora,PK,34.7758,72.3625,75.78,85,100,2.57,overcast clouds,2022-07-26 01:20:03
286,Poplar Bluff,US,36.757,-90.3929,85.73,81,0,5.75,clear sky,2022-07-26 01:20:04
287,Tazovskiy,RU,67.4667,78.7,50.77,78,100,11.56,overcast clouds,2022-07-26 01:20:04
288,Olafsvik,IS,64.8945,-23.7142,51.75,73,100,6.4,overcast clouds,2022-07-26 01:20:05
289,Celestun,MX,20.8667,-90.4,82.69,75,59,15.93,broken clouds,2022-07-26 01:20:05
290,Macas,EC,-2.3167,-78.1167,67.48,98,98,1.48,light rain,2022-07-26 01:20:05
291,Hambantota,LK,6.1241,81.1185,78.33,84,100,11.01,overcast clouds,2022-07-26 01:20:06
292,Ust-Tsilma,RU,65.441,52.1498,48.13,80,100,8.05,overcast clouds,2022-07-26 01:20:06
293,Benguela,AO,-12.5763,13.4055,68.38,88,5,6.46,clear sky,2022-07-26 01:15:45
294,Conde,BR,-7.2597,-34.9075,72.86,83,0,6.91,clear sky,2022-07-26 01:20:07
295,Hasaki,JP,35.7333,140.8333,81.0,83,100,19.37,light rain,2022-07-26 01:20:07
296,Leningradskiy,RU,69.3833,178.4167,34.66,89,98,5.75,overcast clouds,2022-07-26 01:20:07
297,Pinyug,RU,60.251,47.7842,54.55,97,42,5.28,scattered clouds,2022-07-26 01:20:08
298,Itarema,BR,-2.9248,-39.9167,77.38,77,64,12.64,broken clouds,2022-07-26 01:20:08
299,Mahon,ES,39.8885,4.2658,81.16,69,0,17.27,clear sky,2022-07-26 01:20:08
300,Price,US,39.5994,-110.8107,90.66,14,0,3.44,clear sky,2022-07-26 01:20:09
301,Cockburn Town,TC,21.4612,-71.1419,81.97,84,65,24.16,broken clouds,2022-07-26 01:20:09
302,Rio Gallegos,AR,-51.6226,-69.2181,24.85,86,0,6.91,clear sky,2022-07-26 01:20:10
303,Debre Birhan,ET,9.6833,39.5333,53.6,84,100,4.03,light rain,2022-07-26 01:20:10
304,Kahului,US,20.8947,-156.47,87.82,64,40,21.85,scattered clouds,2022-07-26 01:15:45
305,Norman Wells,CA,65.282,-126.8329,78.84,29,75,14.97,broken clouds,2022-07-26 01:18:14
306,Tiznit,MA,29.5833,-9.5,89.58,18,13,1.92,few clouds,2022-07-26 01:20:11
307,Puri,IN,19.8,85.85,79.32,80,100,7.25,overcast clouds,2022-07-26 01:20:11
308,Stornoway,GB,58.2093,-6.3865,51.93,92,75,8.05,broken clouds,2022-07-26 01:17:19
309,Kalianget,ID,-7.05,113.9333,79.18,68,100,6.6,overcast clouds,2022-07-26 01:20:11
310,Labuhan,ID,-6.8844,112.2051,76.57,71,84,7.36,broken clouds,2022-07-26 01:18:15
311,Kavaratti,IN,10.5669,72.642,81.45,74,43,16.51,scattered clouds,2022-07-26 01:20:12
312,Thompson,CA,55.7435,-97.8558,60.96,94,75,3.44,broken clouds,2022-07-26 01:20:02
313,Molteno,ZA,-31.3968,26.3625,39.13,44,0,8.32,clear sky,2022-07-26 01:20:13
314,Saint-Pierre,RE,-21.3393,55.4781,67.91,67,0,6.91,clear sky,2022-07-26 01:20:13
315,Kloulklubed,PW,7.0419,134.2556,81.1,75,99,7.78,overcast clouds,2022-07-26 01:20:13
316,Nuevo Progreso,MX,23.1667,-97.95,84.54,60,61,1.01,broken clouds,2022-07-26 01:20:14
317,Snezhnogorsk,RU,69.1933,33.2531,56.98,82,100,8.34,overcast clouds,2022-07-26 01:20:14
318,Terrasini,IT,38.146,13.0844,82.22,77,0,1.14,clear sky,2022-07-26 01:20:14
319,Misratah,LY,32.3754,15.0925,80.56,69,0,8.28,clear sky,2022-07-26 01:20:15
320,Florianopolis,BR,-27.6146,-48.5012,60.62,98,75,8.05,broken clouds,2022-07-26 01:19:16
321,Myrtle Beach,US,33.6891,-78.8867,82.45,83,0,14.97,clear sky,2022-07-26 01:19:29
322,Bagdarin,RU,54.4333,113.6,63.54,87,99,2.75,overcast clouds,2022-07-26 01:20:15
323,Obo,CF,5.3998,26.4869,68.68,94,83,2.86,broken clouds,2022-07-26 01:20:16
324,Ucluelet,CA,48.9329,-125.5528,80.91,73,10,6.64,clear sky,2022-07-26 01:16:02
325,Kindu,CD,-2.95,25.95,73.4,78,100,1.66,overcast clouds,2022-07-26 01:20:16
326,Roblin,CA,51.23,-101.3565,54.05,97,100,5.91,overcast clouds,2022-07-26 01:20:16
327,Kiunga,PG,-6.1219,141.2906,78.69,91,65,5.77,broken clouds,2022-07-26 01:20:17
328,Murray Bridge,AU,-35.1167,139.2667,56.12,55,6,16.84,clear sky,2022-07-26 01:20:17
329,Bolshaya Glushitsa,RU,50.2406,43.5908,61.61,87,7,4.03,clear sky,2022-07-26 01:20:18
330,Burgeo,CA,47.6167,-57.6152,63.0,99,100,7.74,overcast clouds,2022-07-26 01:20:18
331,Winnemucca,US,40.973,-117.7357,98.65,7,0,9.22,clear sky,2022-07-26 01:20:18
332,Kaeo,NZ,-35.1,173.7833,57.36,86,96,19.89,overcast clouds,2022-07-26 01:20:19
333,Ilebo,CD,-4.3167,20.5833,75.31,61,95,2.37,overcast clouds,2022-07-26 01:20:19
334,Rodeo,US,38.033,-122.2669,83.07,72,0,12.66,clear sky,2022-07-26 01:20:20
335,Pyay,MM,18.8167,95.2167,82.15,75,48,2.01,scattered clouds,2022-07-26 01:20:20
336,Bousse,BF,12.6606,-1.8922,78.8,70,83,6.73,light rain,2022-07-26 01:20:21
337,Constantine,DZ,36.365,6.6147,76.41,31,0,0.0,clear sky,2022-07-26 01:16:49
338,Marshall,US,34.3834,-86.3333,84.51,81,0,3.44,clear sky,2022-07-26 01:17:51
339,Stabat,ID,3.761,98.4513,77.2,90,100,2.15,overcast clouds,2022-07-26 01:20:21
340,Henties Bay,NA,-22.116,14.2845,54.32,93,8,4.76,clear sky,2022-07-26 01:18:44
341,Baherden,TM,38.4362,57.4316,79.21,49,100,3.11,overcast clouds,2022-07-26 01:20:22
342,Chicama,PE,-7.8447,-79.1469,59.54,83,31,4.94,scattered clouds,2022-07-26 01:20:22
343,Ottawa,CA,45.4112,-75.6981,69.98,64,40,5.75,scattered clouds,2022-07-26 01:17:44
344,Srednekolymsk,RU,67.45,153.6833,62.67,34,68,12.26,broken clouds,2022-07-26 01:20:23
345,Storslett,NO,69.7678,21.0247,55.76,90,95,6.4,overcast clouds,2022-07-26 01:20:23
346,Baykit,RU,61.67,96.37,67.55,65,100,3.04,overcast clouds,2022-07-26 01:20:23
347,Begijnendijk,BE,51.0194,4.7848,64.63,80,40,5.75,scattered clouds,2022-07-26 01:20:24
348,Kontagora,NG,10.3999,5.4695,69.84,96,100,3.87,moderate rain,2022-07-26 01:20:24
349,Nome,US,64.5011,-165.4064,55.17,94,100,6.91,light rain,2022-07-26 01:17:09
350,La Paz,BO,-16.5,-68.15,44.58,81,40,5.75,scattered clouds,2022-07-26 01:20:25
351,Bengkulu,ID,-3.8004,102.2655,74.8,81,100,2.08,overcast clouds,2022-07-26 01:20:25
352,Ambon,ID,-3.6954,128.1814,75.34,100,75,5.75,light rain,2022-07-26 01:20:25
353,Zhangjiakou,CN,40.81,114.8794,76.03,66,90,9.93,overcast clouds,2022-07-26 01:20:26
354,Ullapool,GB,57.8987,-5.1604,53.35,93,100,4.85,overcast clouds,2022-07-26 01:20:26
355,Weihe,CN,32.9952,105.3247,73.24,94,99,2.64,overcast clouds,2022-07-26 01:20:26
356,Ugoofaaru,MV,5.6667,73.0,81.66,76,41,17.58,scattered clouds,2022-07-26 01:18:20
357,Airai,TL,-8.9266,125.4092,68.9,43,19,3.83,few clouds,2022-07-26 01:20:27
358,Isangel,VU,-19.55,169.2667,74.86,89,97,13.13,overcast clouds,2022-07-26 01:20:27
359,Bandarbeyla,SO,9.4942,50.8122,77.27,70,100,27.4,overcast clouds,2022-07-26 01:20:28
360,La Ronge,CA,55.1001,-105.2842,70.05,43,75,8.05,broken clouds,2022-07-26 01:20:28
361,Jaciara,BR,-15.9653,-54.9683,73.17,38,0,1.86,clear sky,2022-07-26 01:20:29
362,Bennington,US,42.8781,-73.1968,73.04,73,0,5.75,clear sky,2022-07-26 01:20:29
363,Prainha,BR,-1.8,-53.48,76.06,79,97,3.09,overcast clouds,2022-07-26 01:20:29
364,Port Hardy,CA,50.6996,-127.4199,69.98,68,20,13.8,few clouds,2022-07-26 01:16:02
365,Araouane,ML,18.9048,-3.5265,96.66,28,12,9.93,few clouds,2022-07-26 01:20:30
366,Sorong,ID,-0.8833,131.25,80.51,84,61,4.79,broken clouds,2022-07-26 01:17:37
367,Sabha,LY,27.0377,14.4283,80.01,27,0,13.2,clear sky,2022-07-26 01:20:30
368,Alofi,NU,-19.0595,-169.9187,76.89,61,75,13.8,broken clouds,2022-07-26 01:20:31
369,Panaba,MX,21.2833,-88.2667,79.86,78,20,11.7,few clouds,2022-07-26 01:20:31
370,Palu,ID,-0.8917,119.8707,84.83,65,92,1.39,overcast clouds,2022-07-26 01:20:31
371,Male,MV,4.1748,73.5089,81.32,76,56,19.73,moderate rain,2022-07-26 01:20:32
372,Maralal,KE,1.0968,36.698,56.44,75,100,4.88,overcast clouds,2022-07-26 01:20:32
373,Mareeba,AU,-17.0,145.4333,75.49,74,1,5.48,clear sky,2022-07-26 01:20:33
374,Rocha,UY,-34.4833,-54.3333,59.22,97,100,11.41,light rain,2022-07-26 01:20:33
375,Ahipara,NZ,-35.1667,173.1667,56.35,87,100,23.42,overcast clouds,2022-07-26 01:20:33
376,Ngorongoro,TZ,-3.2397,35.4875,46.26,89,68,7.49,broken clouds,2022-07-26 01:20:34
377,Pisco,PE,-13.7,-76.2167,60.85,88,72,12.66,mist,2022-07-26 01:16:09
378,Carutapera,BR,-1.195,-46.02,76.96,87,100,5.39,overcast clouds,2022-07-26 01:20:34
379,Samarai,PG,-10.6167,150.6667,80.2,73,92,16.89,overcast clouds,2022-07-26 01:20:35
380,George Town,MY,5.4112,100.3354,82.33,86,20,4.61,few clouds,2022-07-26 01:18:40
381,Luanda,AO,-8.8368,13.2343,70.63,88,97,5.59,overcast clouds,2022-07-26 01:20:35
382,Banda Aceh,ID,5.5577,95.3222,79.16,80,100,6.58,overcast clouds,2022-07-26 01:20:36
383,Sarangani,PH,5.4033,125.4636,83.77,71,98,7.54,overcast clouds,2022-07-26 01:20:36
384,Bilgoraj,PL,50.5411,22.722,60.37,70,100,6.08,overcast clouds,2022-07-26 01:20:36
385,Sergeyevka,KZ,53.88,67.4158,67.64,67,100,4.59,overcast clouds,2022-07-26 01:20:37
386,Rawson,AR,-43.3002,-65.1023,45.18,94,100,7.18,overcast clouds,2022-07-26 01:20:37
387,Okato,NZ,-39.2,173.8833,57.18,81,97,20.0,overcast clouds,2022-07-26 01:20:38
388,Craig,US,40.5153,-107.5464,82.35,23,0,6.91,clear sky,2022-07-26 01:20:38
389,Sarahan,IN,31.5167,77.8,63.66,98,100,0.78,overcast clouds,2022-07-26 01:20:39
390,Nemuro,JP,43.3236,145.575,65.68,84,6,6.42,clear sky,2022-07-26 01:20:39
391,Havoysund,NO,70.9963,24.6622,53.83,89,100,10.67,overcast clouds,2022-07-26 01:20:39
392,Nabire,ID,-3.3667,135.4833,77.2,91,100,4.16,overcast clouds,2022-07-26 01:20:40
393,Pak Phanang,TH,8.3511,100.202,86.02,78,64,1.59,broken clouds,2022-07-26 01:20:40
394,Khapa,IN,21.4333,78.9667,75.15,96,100,2.91,overcast clouds,2022-07-26 01:20:40
395,Gerash,IR,27.6652,54.1371,84.34,64,100,3.89,overcast clouds,2022-07-26 01:20:41
396,Darhan,MN,49.4867,105.9228,59.58,77,100,6.76,overcast clouds,2022-07-26 01:20:41
397,Lavrentiya,RU,65.5833,-171.0,41.52,83,100,17.92,overcast clouds,2022-07-26 01:15:50
398,Dymer,UA,50.7865,30.3026,62.96,93,0,6.38,clear sky,2022-07-26 01:20:42
399,Mayo,US,38.8876,-76.5119,78.37,89,100,6.67,overcast clouds,2022-07-26 01:20:42
400,Villafranca De Los Barros,ES,38.5614,-6.3381,72.91,43,0,6.46,clear sky,2022-07-26 01:20:43
401,Chernyshevskiy,RU,63.0128,112.4714,76.19,74,3,8.12,clear sky,2022-07-26 01:20:43
402,Nizhnevartovsk,RU,60.9344,76.5531,59.02,100,40,4.47,scattered clouds,2022-07-26 01:20:43
403,Tangier,MA,35.7806,-5.8137,88.84,39,0,1.14,clear sky,2022-07-26 01:19:42
404,Mokhsogollokh,RU,61.4681,128.9203,77.13,47,19,8.28,few clouds,2022-07-26 01:20:44
405,San Quintin,MX,30.4833,-115.95,70.52,74,0,11.88,clear sky,2022-07-26 01:20:44
406,Batsfjord,NO,70.6345,29.7185,53.53,93,100,3.44,overcast clouds,2022-07-26 01:20:45
407,Port Macquarie,AU,-31.4333,152.9167,63.9,58,29,3.91,scattered clouds,2022-07-26 01:20:45
408,Marsa Matruh,EG,31.3525,27.2453,76.93,78,0,12.35,clear sky,2022-07-26 01:20:45
409,Ballina,AU,-28.8667,153.5667,71.78,73,0,8.03,clear sky,2022-07-26 01:20:46
410,Zambrow,PL,52.9855,22.2432,61.14,77,95,8.46,overcast clouds,2022-07-26 01:20:46
411,Lagunas,PE,-5.2269,-75.6753,74.43,94,90,2.77,light rain,2022-07-26 01:20:46
412,San Blas,MX,21.5167,-105.2667,82.24,72,75,3.29,broken clouds,2022-07-26 01:20:47
413,Campbell River,CA,50.0163,-125.2446,86.38,42,0,9.22,clear sky,2022-07-26 01:15:57
414,Dali,CN,25.7,100.1833,65.32,87,62,4.32,broken clouds,2022-07-26 01:20:47
415,Hay River,CA,60.8156,-115.7999,71.58,43,40,9.22,scattered clouds,2022-07-26 01:20:48
416,Hukuntsi,BW,-24.0,21.75,61.7,34,100,12.73,overcast clouds,2022-07-26 01:20:48
417,Hongjiang,CN,27.11,109.9956,87.67,64,31,7.11,scattered clouds,2022-07-26 01:20:49
418,Lembeni,TZ,-3.7833,37.6167,59.88,92,29,2.8,scattered clouds,2022-07-26 01:20:49
419,Kushima,JP,31.4583,131.2333,85.39,77,16,3.76,few clouds,2022-07-26 01:20:49
420,Thanjavur,IN,10.8,79.15,77.56,82,98,9.06,moderate rain,2022-07-26 01:20:50
421,Montelimar,FR,44.5584,4.7509,78.53,68,0,12.01,clear sky,2022-07-26 01:20:50
422,Chapais,CA,49.7834,-74.8492,56.98,95,100,9.82,overcast clouds,2022-07-26 01:20:51
423,Sorland,NO,67.667,12.6934,53.46,89,100,16.98,overcast clouds,2022-07-26 01:20:51
424,Barinas,VE,8.6226,-70.2075,75.24,100,18,0.0,few clouds,2022-07-26 01:20:51
425,Ramanathapuram,IN,9.3833,78.8333,79.57,75,100,9.86,overcast clouds,2022-07-26 01:20:52
426,Svetlogorsk,BY,52.6333,29.7333,55.94,96,2,5.48,clear sky,2022-07-26 01:20:52
427,Cranbrook,CA,49.4999,-115.7688,85.84,25,75,4.61,broken clouds,2022-07-26 01:20:53
428,Mar Del Plata,AR,-38.0023,-57.5575,56.08,95,100,15.99,overcast clouds,2022-07-26 01:20:06
429,Leshukonskoye,RU,64.8989,45.7622,46.94,85,13,2.66,few clouds,2022-07-26 01:20:53
430,Kalmunai,LK,7.4167,81.8167,79.84,79,100,3.83,overcast clouds,2022-07-26 01:18:17
431,Sibolga,ID,1.7427,98.7792,76.03,90,100,3.85,overcast clouds,2022-07-26 01:20:54
432,Waingapu,ID,-9.6567,120.2641,78.93,65,31,9.26,scattered clouds,2022-07-26 01:20:54
433,Brae,GB,60.3964,-1.353,50.13,77,100,22.73,overcast clouds,2022-07-26 01:20:55
434,Oneonta,US,42.4529,-75.0638,67.3,93,4,4.88,clear sky,2022-07-26 01:20:55
435,The Valley,AI,18.217,-63.0578,82.26,79,94,20.98,overcast clouds,2022-07-26 01:20:56
436,Kawalu,ID,-7.3817,108.2082,71.56,77,100,2.3,overcast clouds,2022-07-26 01:20:56
437,Vaitape,PF,-16.5167,-151.75,77.58,76,82,10.11,moderate rain,2022-07-26 01:20:32
438,Plattling,DE,48.7833,12.8667,71.78,84,100,5.23,light rain,2022-07-26 01:20:57
439,Khasan,RU,42.4308,130.6434,73.22,84,47,2.1,scattered clouds,2022-07-26 01:20:57
440,Alta Floresta,BR,-9.8756,-56.0861,74.55,40,100,4.54,overcast clouds,2022-07-26 01:20:57
441,Havre-Saint-Pierre,CA,50.2334,-63.5986,66.56,94,100,11.5,overcast clouds,2022-07-26 01:20:58
442,Tres Arroyos,AR,-38.3739,-60.2798,53.06,93,100,8.86,moderate rain,2022-07-26 01:20:58
443,Kincardine,GB,56.0667,-3.7167,55.67,77,100,2.17,overcast clouds,2022-07-26 01:20:59
444,Lisala,CD,2.15,21.5167,69.85,99,98,3.65,light rain,2022-07-26 01:20:59
445,Lazdijai,LT,54.2333,23.5167,58.35,88,78,7.45,broken clouds,2022-07-26 01:20:59
446,Dinguiraye,GN,11.3,-10.7167,68.67,98,70,2.01,broken clouds,2022-07-26 01:18:10
447,Tessalit,ML,20.1986,1.0114,91.94,9,0,8.32,clear sky,2022-07-26 01:21:00
448,Lakatoro,VU,-16.0999,167.4164,82.26,74,22,4.29,few clouds,2022-07-26 01:21:00
449,Port Lincoln,AU,-34.7333,135.8667,57.2,61,47,13.87,scattered clouds,2022-07-26 01:21:01
450,Alice Springs,AU,-23.7,133.8833,56.75,44,0,19.57,clear sky,2022-07-26 01:19:16
451,Lasa,IT,46.6166,10.7002,61.36,95,100,5.12,overcast clouds,2022-07-26 01:21:01
452,Bontang,ID,0.1333,117.5,79.48,85,97,6.24,light rain,2022-07-26 01:21:01
453,Acarau,BR,-2.8856,-40.12,77.22,77,43,13.02,scattered clouds,2022-07-26 01:21:02
454,Skvyra,UA,49.7318,29.6657,56.57,92,0,5.97,clear sky,2022-07-26 01:21:02
455,Puerto Del Rosario,ES,28.5004,-13.8627,80.35,61,0,14.97,clear sky,2022-07-26 01:21:03
456,Shingu,JP,33.7333,135.9833,86.07,67,98,3.78,overcast clouds,2022-07-26 01:21:03
457,Evensk,RU,61.95,159.2333,58.71,63,48,8.63,scattered clouds,2022-07-26 01:21:03
458,Ayan,RU,56.45,138.1667,55.81,91,100,12.39,overcast clouds,2022-07-26 01:21:04
459,Manta,EC,-0.95,-80.7333,71.38,88,40,9.22,scattered clouds,2022-07-26 01:21:04
460,Dong Hoi,VN,17.4833,106.6,83.44,63,14,1.72,few clouds,2022-07-26 01:19:20
461,Manali,IN,13.1667,80.2667,80.69,87,100,7.11,overcast clouds,2022-07-26 01:21:05
462,Kolondieba,ML,11.0882,-6.8926,72.18,93,76,4.09,broken clouds,2022-07-26 01:21:05
463,Sokoni,TZ,-6.4333,39.55,75.88,73,40,17.09,scattered clouds,2022-07-26 01:21:05
464,Kondinskoye,RU,59.6481,67.41,63.18,92,17,5.08,light rain,2022-07-26 01:21:06
465,Mangan,IN,27.5167,88.5333,77.34,76,96,0.36,overcast clouds,2022-07-26 01:21:06
466,Aasiaat,GL,68.7098,-52.8699,38.05,97,100,7.34,light rain,2022-07-26 01:21:07
467,Vao,NC,-22.6667,167.4833,69.22,67,1,13.2,clear sky,2022-07-26 01:21:07
468,Acapulco,MX,16.8634,-99.8901,85.82,66,75,4.61,broken clouds,2022-07-26 01:21:07
469,Nador,MA,35.174,-2.9287,80.85,78,0,1.14,clear sky,2022-07-26 01:21:08
470,Hovd,MN,48.0056,91.6419,59.4,38,0,4.36,clear sky,2022-07-26 01:21:08
471,Koshurnikovo,RU,54.1667,93.3,52.29,96,94,3.44,light rain,2022-07-26 01:21:08
472,Sibiti,CG,-3.6819,13.3499,68.13,89,89,3.62,overcast clouds,2022-07-26 01:21:09
473,Bairiki,KI,1.3292,172.9752,86.0,66,20,11.5,few clouds,2022-07-26 01:21:09
474,Andenes,NO,69.3143,16.1194,55.38,88,100,2.3,overcast clouds,2022-07-26 01:21:10
475,Magadan,RU,59.5667,150.8,76.53,72,0,5.37,clear sky,2022-07-26 01:21:10
476,Kurilsk,RU,45.2333,147.8833,61.18,85,100,3.02,overcast clouds,2022-07-26 01:21:10
477,Kutum,SD,14.2,24.6667,79.72,47,56,4.45,broken clouds,2022-07-26 01:21:11
478,Darab,IR,28.7519,54.5444,85.15,45,100,0.85,overcast clouds,2022-07-26 01:21:11
479,Corinto,GR,37.9407,22.9573,79.9,57,0,2.01,clear sky,2022-07-26 01:21:11
480,Ostrov,RU,57.3439,28.3537,53.33,86,14,0.83,few clouds,2022-07-26 01:21:12
481,Lake City,US,30.1897,-82.6393,81.79,78,100,4.61,overcast clouds,2022-07-26 01:21:12
482,Akhisar,TR,38.9185,27.8401,69.46,62,0,6.91,clear sky,2022-07-26 01:21:13
483,Turukhansk,RU,65.8167,87.9833,59.25,81,100,2.57,overcast clouds,2022-07-26 01:21:13
484,Broken Hill,AU,-31.95,141.4333,52.18,46,0,19.26,clear sky,2022-07-26 01:21:13
485,Kargil,IN,34.5667,76.1,60.04,65,94,6.31,overcast clouds,2022-07-26 01:21:14
486,Dingzhou,CN,38.5131,114.9956,75.31,67,70,3.89,broken clouds,2022-07-26 01:21:14
487,Salinopolis,BR,-0.6136,-47.3561,79.41,83,100,9.69,overcast clouds,2022-07-26 01:21:14
488,Arman,RU,59.7,150.1667,77.02,66,0,6.87,clear sky,2022-07-26 01:18:08
489,Kendari,ID,-3.945,122.4989,80.13,78,81,2.13,broken clouds,2022-07-26 01:21:15
490,Derzhavinsk,KZ,51.1,66.3167,74.26,35,100,11.14,overcast clouds,2022-07-26 01:21:15
491,Dehloran,IR,32.6941,47.2679,89.6,8,5,6.82,clear sky,2022-07-26 01:21:15
492,Yahotyn,UA,50.2798,31.7625,56.75,95,95,6.4,overcast clouds,2022-07-26 01:21:16
493,Marigot,MF,18.0667,-63.0833,82.18,78,75,16.11,broken clouds,2022-07-26 01:20:37
494,Salamanca,ES,40.8333,-6.0,69.75,62,0,3.98,clear sky,2022-07-26 01:21:16
495,Sortavala,RU,61.7053,30.6918,58.3,93,56,4.74,broken clouds,2022-07-26 01:21:17
496,Freeport,US,40.6576,-73.5832,84.33,75,0,14.97,clear sky,2022-07-26 01:21:17
497,Walvis Bay,NA,-22.9575,14.5053,54.09,93,74,6.91,broken clouds,2022-07-26 01:21:17
498,Pimentel,PE,-6.8367,-79.9342,62.96,89,79,12.71,broken clouds,2022-07-26 01:21:18
499,Neftcala,AZ,39.3742,49.2472,73.36,73,0,2.21,clear sky,2022-07-26 01:21:18
500,Ndende,GA,-2.4008,11.3581,70.68,85,90,3.74,overcast clouds,2022-07-26 01:21:18
501,Soe,ID,-9.8607,124.284,72.63,51,61,5.88,broken clouds,2022-07-26 01:21:19
502,Hoa Binh,VN,20.8133,105.3383,83.97,73,17,0.65,few clouds,2022-07-26 01:19:56
503,Morehead,US,37.2711,-87.1764,78.78,88,40,0.0,scattered clouds,2022-07-26 01:21:19
504,Pochutla,MX,15.7432,-96.4661,82.81,83,48,2.21,scattered clouds,2022-07-26 01:21:20
505,Taoudenni,ML,22.6783,-3.9836,99.07,11,0,8.37,clear sky,2022-07-26 01:21:20
506,Saint Anthony,US,45.0205,-93.218,73.33,61,0,8.05,clear sky,2022-07-26 01:20:30
507,Banyo,CM,6.75,11.8167,63.37,98,100,2.24,moderate rain,2022-07-26 01:21:21
508,Mitsamiouli,KM,-11.3847,43.2844,75.67,67,1,9.48,clear sky,2022-07-26 01:18:08
509,Nhulunbuy,AU,-12.2333,136.7667,81.21,65,40,17.27,scattered clouds,2022-07-26 01:21:21
510,Miri,MY,4.4148,114.0089,80.74,89,20,4.61,few clouds,2022-07-26 01:21:22
511,Salta,AR,-24.7859,-65.4117,65.57,71,40,5.75,scattered clouds,2022-07-26 01:21:22
512,Namibe,AO,-15.1961,12.1522,60.96,86,4,7.67,clear sky,2022-07-26 01:19:41
513,Chebsara,RU,59.2002,38.8356,57.88,99,52,5.1,broken clouds,2022-07-26 01:21:23
514,Minna,NG,9.6139,6.5569,72.72,97,100,4.27,overcast clouds,2022-07-26 01:21:23
515,Bom Jardim,BR,-7.7958,-35.5872,63.75,95,66,4.18,broken clouds,2022-07-26 01:21:24
516,Yerbogachen,RU,61.2767,108.0108,73.98,74,53,11.52,broken clouds,2022-07-26 01:19:20
517,Gualaquiza,EC,-3.4,-78.55,63.81,99,85,1.43,moderate rain,2022-07-26 01:21:24
518,Cruzeiro Do Sul,BR,-29.5128,-51.9853,68.07,90,0,1.25,clear sky,2022-07-26 01:21:25
519,Pangkalanbuun,ID,-2.6833,111.6167,81.19,70,97,4.72,overcast clouds,2022-07-26 01:21:25
520,Chincha Alta,PE,-13.4099,-76.1323,59.59,82,71,2.28,broken clouds,2022-07-26 01:21:25
521,Muli,MV,2.9167,73.5667,80.35,79,29,16.73,scattered clouds,2022-07-26 01:21:26
522,Kushiro,JP,42.975,144.3747,72.55,83,40,9.22,scattered clouds,2022-07-26 01:21:26
523,Pudozh,RU,61.8099,36.5345,55.63,89,79,3.8,broken clouds,2022-07-26 01:21:26
524,Aswan,EG,24.0934,32.907,86.09,15,23,8.68,few clouds,2022-07-26 01:21:27
525,Odweyne,SO,9.4092,45.064,70.29,49,43,20.0,scattered clouds,2022-07-26 01:21:27
526,Gold Coast,AU,-28.0,153.4333,73.17,76,0,12.66,clear sky,2022-07-26 01:21:28
527,Blackwater,AU,-23.5833,148.8833,68.07,63,0,4.21,clear sky,2022-07-26 01:18:16
528,Yuanping,CN,38.7153,112.7575,72.72,75,12,1.52,few clouds,2022-07-26 01:21:28
529,Empangeni,ZA,-28.762,31.8933,51.94,81,0,3.98,clear sky,2022-07-26 01:21:29
530,Zanesville,US,39.9404,-82.0132,75.76,77,0,3.44,clear sky,2022-07-26 01:21:29
531,Kandrian,PG,-6.2167,149.55,83.5,75,100,10.18,moderate rain,2022-07-26 01:21:29
532,Yuksekova,TR,37.5736,44.2872,51.55,76,0,3.44,clear sky,2022-07-26 01:21:30
533,Saint-Joseph,RE,-21.3667,55.6167,64.78,79,44,9.19,scattered clouds,2022-07-26 01:21:30
534,Kulachi,PK,31.9286,70.4592,85.91,69,99,2.37,overcast clouds,2022-07-26 01:21:31
535,Phalaborwa,ZA,-23.943,31.1411,52.88,62,0,2.55,clear sky,2022-07-26 01:21:31
536,Nanortalik,GL,60.1432,-45.2371,42.6,96,100,7.52,overcast clouds,2022-07-26 01:17:05
537,Ocos,GT,14.5094,-92.1933,82.58,73,92,5.66,overcast clouds,2022-07-26 01:21:31
538,Kikwit,CD,-5.041,18.8162,74.25,64,28,1.59,scattered clouds,2022-07-26 01:21:32
539,Christchurch,NZ,-43.5333,172.6333,51.91,94,100,6.91,moderate rain,2022-07-26 01:21:32
540,San Luis,AR,-33.295,-66.3356,57.49,90,100,4.47,overcast clouds,2022-07-26 01:21:22
541,Beyneu,KZ,45.3167,55.2,74.03,61,0,8.63,clear sky,2022-07-26 01:21:33
542,Tevaitoa,PF,-16.7833,-151.5,76.53,81,90,9.48,moderate rain,2022-07-26 01:21:33
543,Santarem,BR,-2.4431,-54.7083,77.13,100,20,2.3,few clouds,2022-07-26 01:21:33
544,Fort Morgan,US,40.2503,-103.8,83.62,47,0,8.05,clear sky,2022-07-26 01:20:04
545,Semnan,IR,35.5729,53.3971,84.04,28,40,11.5,scattered clouds,2022-07-26 01:21:34
546,Mahibadhoo,MV,3.7833,72.9667,81.84,76,100,17.0,overcast clouds,2022-07-26 01:21:16
547,Inhambane,MZ,-23.865,35.3833,60.3,86,0,8.48,clear sky,2022-07-26 01:21:34
548,Nagapattinam,IN,10.7667,79.8333,78.49,85,99,10.33,overcast clouds,2022-07-26 01:21:35
549,Kathu,TH,7.9178,98.3332,83.7,99,67,7.81,broken clouds,2022-07-26 01:21:35
550,South Valley,US,35.0101,-106.6781,87.21,41,75,18.41,broken clouds,2022-07-26 01:21:35
551,Qandala,SO,11.472,49.8728,88.27,49,62,6.71,broken clouds,2022-07-26 01:21:36
552,Bahia Honda,CU,22.9036,-83.1592,79.57,84,100,9.42,overcast clouds,2022-07-26 01:21:36
553,Ayolas,PY,-27.4,-56.9,69.55,72,0,7.0,light rain,2022-07-26 01:21:37
554,Daru,PG,-9.0763,143.2092,78.08,83,92,15.43,overcast clouds,2022-07-26 01:21:37
555,Jizan,SA,17.3333,42.6667,86.94,65,97,6.78,overcast clouds,2022-07-26 01:21:37
556,Excelsior Springs,US,39.3392,-94.2261,71.47,90,100,8.05,overcast clouds,2022-07-26 01:21:38
557,Genhe,CN,50.7833,121.5167,74.79,62,89,8.7,overcast clouds,2022-07-26 01:21:38
558,Neryungri,RU,56.6709,124.6491,78.01,53,6,3.33,clear sky,2022-07-26 01:21:38
559,Isla Mujeres,MX,21.2311,-86.731,84.25,77,90,9.1,overcast clouds,2022-07-26 01:21:39
560,Batouri,CM,4.4333,14.3667,66.74,99,100,2.98,moderate rain,2022-07-26 01:21:39
561,Dennis,US,41.7354,-70.1939,78.75,86,100,23.02,overcast clouds,2022-07-26 01:21:40
562,Tura,IN,25.5198,90.2201,73.87,97,100,3.69,overcast clouds,2022-07-26 01:20:39
563,Aleksandrovskiy Zavod,RU,50.9237,117.9374,63.46,96,100,7.94,overcast clouds,2022-07-26 01:21:40
564,Phayakkhaphum Phisai,TH,15.5163,103.1937,84.72,67,11,4.59,few clouds,2022-07-26 01:21:40
565,Roebourne,AU,-20.7833,117.1333,68.34,34,0,18.12,clear sky,2022-07-26 01:21:41
566,Wadi Maliz,TN,36.4681,8.5495,81.97,24,0,3.29,clear sky,2022-07-26 01:21:41
567,Pangai,TO,-19.8,-174.35,80.71,65,20,11.5,few clouds,2022-07-26 01:21:42
568,Puerto Madryn,AR,-42.7692,-65.0385,46.54,94,100,9.19,light rain,2022-07-26 01:18:12
569,Udachnyy,RU,66.4167,112.4,75.45,78,100,8.19,overcast clouds,2022-07-26 01:21:42
570,Besuki,ID,-7.7338,113.6979,80.8,55,83,1.97,broken clouds,2022-07-26 01:21:42
571,Matara,LK,5.9485,80.5353,77.59,86,72,9.78,broken clouds,2022-07-26 01:21:43
572,Adeje,ES,28.1227,-16.726,87.87,78,0,3.44,clear sky,2022-07-26 01:21:43
573,Padang,ID,-0.9492,100.3543,75.25,89,100,2.95,overcast clouds,2022-07-26 01:18:22
574,Alenquer,BR,-1.9417,-54.7383,75.78,80,3,3.56,clear sky,2022-07-26 01:21:44
575,Agnibilekrou,CI,7.1344,-3.2047,69.08,94,89,2.26,overcast clouds,2022-07-26 01:21:44
576,Tautira,PF,-17.7333,-149.15,74.1,92,95,8.97,heavy intensity rain,2022-07-26 01:21:45
577,Pacific Grove,US,36.6177,-121.9166,68.81,81,75,12.66,broken clouds,2022-07-26 01:21:45
578,Nuevitas,CU,21.5453,-77.2644,79.75,84,100,12.24,overcast clouds,2022-07-26 01:21:45
579,Inirida,CO,3.8653,-67.9239,73.36,95,100,1.77,overcast clouds,2022-07-26 01:21:46
580,Azoyu,MX,16.7167,-98.7333,76.5,83,98,0.22,overcast clouds,2022-07-26 01:21:46
581,Kismayo,SO,-0.3582,42.5454,75.47,78,94,17.05,overcast clouds,2022-07-26 01:21:46
582,Ghanzi,BW,-21.5667,21.7833,58.44,36,65,10.87,broken clouds,2022-07-26 01:21:47
583,Klyuchi,RU,52.2667,79.1667,66.11,45,0,4.29,clear sky,2022-07-26 01:21:47
584,Ilulissat,GL,69.2167,-51.1,46.42,87,75,2.3,broken clouds,2022-07-26 01:21:48
585,Kenora,CA,49.8167,-94.4337,69.78,64,75,13.0,broken clouds,2022-07-26 01:21:48
586,Adrar,MR,20.5022,-10.0711,91.74,31,11,7.49,few clouds,2022-07-26 01:21:48
587,Chokwe,MZ,-24.5333,32.9833,57.51,81,0,4.61,clear sky,2022-07-26 01:21:49
588,Maniitsoq,GL,65.4167,-52.9,41.18,92,98,15.41,overcast clouds,2022-07-26 01:21:49
589,Fairbanks,US,64.8378,-147.7164,78.1,48,20,3.44,few clouds,2022-07-26 01:20:02
590,Richards Bay,ZA,-28.783,32.0377,55.17,78,3,5.28,clear sky,2022-07-26 01:21:50
591,Okhotsk,RU,59.3833,143.3,63.48,68,41,5.53,scattered clouds,2022-07-26 01:21:50
592,Nachingwea,TZ,-10.3833,38.7667,62.74,90,29,3.96,scattered clouds,2022-07-26 01:21:50
593,Amudat,UG,1.95,34.95,68.02,74,98,0.47,light rain,2022-07-26 01:21:51
594,Godo,JP,35.4167,136.6,91.06,87,28,2.98,scattered clouds,2022-07-26 01:21:51
595,Elbistan,TR,38.2059,37.1983,59.41,65,0,2.89,clear sky,2022-07-26 01:21:51
596,Livadiya,RU,42.8692,132.6764,73.06,82,100,5.48,overcast clouds,2022-07-26 01:21:52
597,San Rafael,AR,-34.6177,-68.3301,48.54,93,64,2.62,broken clouds,2022-07-26 01:17:38
598,Vitim,RU,59.4511,112.5578,84.88,41,4,8.16,clear sky,2022-07-26 01:21:52
599,Kieta,PG,-6.2167,155.6333,82.94,73,70,3.4,light rain,2022-07-26 01:21:53
600,Baruun-Urt,MN,46.6806,113.2792,63.81,79,100,3.87,heavy intensity rain,2022-07-26 01:21:53
601,Erzin,TR,36.9559,36.2,73.92,48,0,1.83,clear sky,2022-07-26 01:21:54
602,Fort Nelson,CA,58.8053,-122.7002,74.79,43,75,4.61,broken clouds,2022-07-26 01:18:51
603,Gazli,UZ,40.1333,63.45,84.78,25,2,19.44,clear sky,2022-07-26 01:21:54
604,Komsomolets,KZ,53.7453,62.0708,66.15,77,100,5.28,overcast clouds,2022-07-26 01:21:55
605,Ararat,AM,39.8317,44.7049,68.34,54,0,2.33,clear sky,2022-07-26 01:21:55
606,Hvolsvollur,IS,63.7533,-20.2243,49.21,80,99,2.39,overcast clouds,2022-07-26 01:21:55
607,Aksarka,RU,66.5606,67.7975,50.31,77,100,17.11,overcast clouds,2022-07-26 01:21:56
608,Palana,RU,59.1167,159.9667,53.01,66,10,8.01,clear sky,2022-07-26 01:21:56
609,Muchkapskiy,RU,51.8513,42.4717,61.79,91,12,4.99,few clouds,2022-07-26 01:21:56
610,Marstal,DK,54.8562,10.5173,62.51,84,39,19.3,scattered clouds,2022-07-26 01:21:57
611,Sheridan,US,44.8333,-106.9173,84.02,40,0,3.44,clear sky,2022-07-26 01:21:57
612,Keti Bandar,PK,24.1447,67.4497,82.17,86,81,13.42,broken clouds,2022-07-26 01:21:57
613,Oranjemund,NA,-28.55,16.4333,55.33,85,0,3.38,clear sky,2022-07-26 01:21:58
614,Russell,US,32.3502,-85.1999,82.0,83,40,4.61,scattered clouds,2022-07-26 01:21:58
615,Lenine,UA,45.2986,35.7771,69.62,75,11,8.03,light rain,2022-07-26 01:21:59
616,Buctzotz,MX,21.2,-88.7833,81.91,69,29,7.54,scattered clouds,2022-07-26 01:21:59
617,Tumba,SE,59.1986,17.8332,65.21,90,75,10.36,moderate rain,2022-07-26 01:22:00
618,Kassala,SD,15.451,36.4,79.38,66,97,8.88,overcast clouds,2022-07-26 01:22:00
619,Balkhash,KZ,46.844,74.9804,70.41,28,0,11.18,clear sky,2022-07-26 01:22:00
620,Urumqi,CN,43.801,87.6005,74.35,38,0,4.47,clear sky,2022-07-26 01:18:02
621,Jumla,NP,29.2747,82.1838,62.37,92,51,1.72,broken clouds,2022-07-26 01:22:01
622,Arroyo,ES,41.6096,-4.7969,64.15,73,0,9.22,clear sky,2022-07-26 01:22:02
623,Concordia,AR,-31.393,-58.0209,71.78,84,93,15.01,overcast clouds,2022-07-26 01:22:02
624,Borovoy,RU,55.4333,86.0833,60.08,88,100,2.24,overcast clouds,2022-07-26 01:22:03
625,Hastings,GB,50.8552,0.5729,62.92,80,11,10.38,few clouds,2022-07-26 01:22:03
626,Lanzhou,CN,36.0564,103.7922,74.28,44,28,17.29,scattered clouds,2022-07-26 01:22:03
627,Sechura,PE,-5.5569,-80.8222,66.02,82,23,14.61,few clouds,2022-07-26 01:22:04
628,Sinjai,ID,-5.1241,120.253,79.88,83,77,4.09,broken clouds,2022-07-26 01:22:04
629,Poso,ID,-1.3959,120.7524,83.52,63,27,4.0,scattered clouds,2022-07-26 01:22:04
630,Angoche,MZ,-16.2325,39.9086,70.14,75,0,9.82,clear sky,2022-07-26 01:22:05
631,Saint Simons,US,31.1352,-81.3901,85.01,69,0,11.5,clear sky,2022-07-26 01:18:29
632,Dunedin,NZ,-45.8742,170.5036,45.5,93,100,20.31,moderate rain,2022-07-26 01:19:56
633,Oga,IT,46.4631,10.347,58.8,95,99,6.15,overcast clouds,2022-07-26 01:22:05
634,Mega,ET,4.05,38.3,54.57,75,83,16.08,broken clouds,2022-07-26 01:22:06
635,Bambanglipuro,ID,-7.95,110.2833,75.15,76,86,4.27,overcast clouds,2022-07-26 01:22:06
636,Riyadh,SA,24.6877,46.7219,89.74,20,98,7.36,overcast clouds,2022-07-26 01:22:07
637,Pringsewu,ID,-5.3582,104.9744,75.9,92,100,2.59,overcast clouds,2022-07-26 01:22:07
638,Sayyan,YE,15.1718,44.3244,64.22,63,100,1.81,overcast clouds,2022-07-26 01:22:07
639,Ostrovnoy,RU,68.0531,39.5131,52.5,75,93,11.86,overcast clouds,2022-07-26 01:22:08
640,Berbera,SO,10.4396,45.0143,88.97,37,38,26.51,scattered clouds,2022-07-26 01:22:08
641,Mandalgovi,MN,45.7625,106.2708,62.8,56,0,11.01,clear sky,2022-07-26 01:22:08
642,Along,IN,28.1667,94.7667,74.95,98,96,0.67,overcast clouds,2022-07-26 01:22:09
643,Ambatolampy,MG,-19.3833,47.4167,48.7,89,62,2.57,broken clouds,2022-07-26 01:22:09
644,Watsa,CD,3.0372,29.5355,65.08,96,100,1.7,light rain,2022-07-26 01:22:09
645,Privolnyy,RU,44.0998,46.6587,70.83,55,3,4.99,clear sky,2022-07-26 01:22:10
646,Moussoro,TD,13.6408,16.4901,88.48,44,100,9.95,overcast clouds,2022-07-26 01:22:10
647,Ornes,NO,66.8689,13.7078,58.77,80,100,6.24,overcast clouds,2022-07-26 01:22:11
648,Hamilton,US,39.1834,-84.5333,77.4,79,20,4.61,few clouds,2022-07-26 01:18:48
649,Isiro,CD,2.7739,27.616,65.08,99,92,1.01,light rain,2022-07-26 01:22:11
650,Kupang,ID,-10.1667,123.5833,80.76,55,60,7.74,broken clouds,2022-07-26 01:22:11
651,Gisborne,NZ,-38.6533,178.0042,61.43,91,18,7.07,few clouds,2022-07-26 01:22:12
652,Luganville,VU,-15.5333,167.1667,82.89,73,27,6.55,scattered clouds,2022-07-26 01:22:12
653,Kodinar,IN,20.7903,70.7031,80.96,81,100,13.33,light rain,2022-07-26 01:22:12
654,Bay Roberts,CA,47.5999,-53.2648,70.14,93,100,8.01,overcast clouds,2022-07-26 01:22:13
655,Hualmay,PE,-11.0964,-77.6139,62.1,84,48,10.96,scattered clouds,2022-07-26 01:22:13
656,Ancud,CL,-41.8697,-73.8203,46.83,94,100,5.73,light rain,2022-07-26 01:18:49
657,Natal,BR,-5.795,-35.2094,75.42,83,0,9.22,clear sky,2022-07-26 01:18:25
658,Anahuac,MX,27.2333,-100.15,97.0,28,88,18.99,overcast clouds,2022-07-26 01:22:14
659,Pueblo Nuevo,MX,23.3833,-105.3833,61.79,92,100,2.39,overcast clouds,2022-07-26 01:22:14
660,Srivardhan,IN,18.0333,73.0167,78.98,83,100,4.76,overcast clouds,2022-07-26 01:22:15
661,Gombong,ID,-7.6072,109.5142,73.9,75,86,2.06,overcast clouds,2022-07-26 01:22:15
662,Bonavista,CA,48.6499,-53.1147,64.54,94,95,16.8,overcast clouds,2022-07-26 01:22:15
663,Quesnel,CA,52.9999,-122.5029,79.3,47,100,6.91,overcast clouds,2022-07-26 01:22:16
664,Kasongo-Lunda,CD,-6.4667,16.8167,69.62,69,0,2.19,clear sky,2022-07-26 01:22:16
665,Viedma,AR,-40.8135,-62.9967,47.62,94,100,7.49,moderate rain,2022-07-26 01:22:17
666,Maragogi,BR,-9.0122,-35.2225,73.27,80,33,9.69,scattered clouds,2022-07-26 01:17:40
667,Bassano,CA,50.7834,-112.4685,69.03,52,100,6.29,overcast clouds,2022-07-26 01:22:17
668,Cedar City,US,37.6775,-113.0619,61.77,94,75,9.22,broken clouds,2022-07-26 01:22:17
669,Neiafu,TO,-18.65,-173.9833,79.48,61,40,12.66,scattered clouds,2022-07-26 01:22:18
670,Coihaique,CL,-45.5752,-72.0662,24.75,93,0,0.0,clear sky,2022-07-26 01:22:18
671,Berlevag,NO,70.8578,29.0864,55.4,87,100,4.61,overcast clouds,2022-07-26 01:22:19
672,Diamantina,BR,-18.2494,-43.6003,52.09,89,0,4.72,clear sky,2022-07-26 01:22:19
673,Yambio,SS,4.5721,28.3955,68.04,97,99,3.18,light rain,2022-07-26 01:22:19
674,Batagay-Alyta,RU,67.8006,130.4114,74.16,48,40,1.1,scattered clouds,2022-07-26 01:22:20
675,Gornopravdinsk,RU,60.05,69.9,62.89,95,29,2.93,scattered clouds,2022-07-26 01:22:20
676,Kambove,CD,-10.8764,26.5969,56.79,57,8,6.31,clear sky,2022-07-26 01:22:20
677,Nyurba,RU,63.2842,118.3319,80.73,59,0,8.52,clear sky,2022-07-26 01:22:21
678,Ndioum,SN,16.5129,-14.6471,82.58,65,88,8.7,moderate rain,2022-07-26 01:22:21
679,Manjacaze,MZ,-24.7117,33.8828,57.34,80,0,4.12,clear sky,2022-07-26 01:22:21
680,Te Anau,NZ,-45.4167,167.7167,41.59,98,100,2.53,overcast clouds,2022-07-26 01:22:22
681,Natchez,US,31.5604,-91.4032,80.82,74,0,5.75,clear sky,2022-07-26 01:22:22
682,Wanning,CN,18.8003,110.3967,84.4,70,5,2.66,clear sky,2022-07-26 01:22:23
